{
  "results": [
    {
      "command": "upstream",
      "mean": 0.15144700064000002,
      "stddev": 0.001551284307344034,
      "median": 0.15130656964000003,
      "user": 0.07688075333333333,
      "system": 0.07356348666666666,
      "min": 0.14956252864000003,
      "max": 0.15645190364000003,
      "times": [
        0.15151682064000002,
        0.15089486164000002,
        0.15068707064000003,
        0.15046061164000002,
        0.15130656964000003,
        0.15165127764000003,
        0.15145440364,
        0.15645190364000003,
        0.15125382064,
        0.15006173664000003,
        0.15144557064000003,
        0.14956252864000003,
        0.15233948664000002,
        0.15087444464000002,
        0.15174390264
      ],
      "memory_usage_byte": [
        4341760,
        4341760,
        4341760,
        4341760,
        4341760,
        4341760,
        4341760,
        4341760,
        4341760,
        4341760,
        4341760,
        4341760,
        4341760,
        4341760,
        4341760
      ],
      "exit_codes": [
        0,
        0,
        0,
        0,
        0,
        0,
        0,
        0,
        0,
        0,
        0,
        0,
        0,
        0,
        0
      ]
    },
    {
      "command": "fork",
      "mean": 0.1331905923066667,
      "stddev": 0.0021761570325126408,
      "median": 0.13235165364,
      "user": 0.09371041999999999,
      "system": 0.03849308666666666,
      "min": 0.13079198664000002,
      "max": 0.13937023664,
      "times": [
        0.13226357064000002,
        0.13200186164000002,
        0.13172877864000002,
        0.13253694464000002,
        0.13438540364,
        0.13235165364,
        0.13937023664,
        0.13452065364000002,
        0.13419886164000003,
        0.13564581964000003,
        0.13253602764000003,
        0.13118677864000003,
        0.13201236164000002,
        0.13232794564000003,
        0.13079198664000002
      ],
      "memory_usage_byte": [
        1626882048,
        1626882048,
        1626882048,
        1626882048,
        1626882048,
        1626882048,
        1626882048,
        1626882048,
        1626882048,
        1626882048,
        1626882048,
        1626882048,
        1626882048,
        1626882048,
        1626882048
      ],
      "exit_codes": [
        0,
        0,
        0,
        0,
        0,
        0,
        0,
        0,
        0,
        0,
        0,
        0,
        0,
        0,
        0
      ]
    }
  ]
}
