{
  "results": [
    {
      "command": "upstream",
      "mean": 0.15077312326666667,
      "stddev": 0.0023245347496144704,
      "median": 0.150235523,
      "user": 0.07675850666666667,
      "system": 0.07313587333333334,
      "min": 0.14840856500000002,
      "max": 0.156116357,
      "times": [
        0.150404315,
        0.14904781500000003,
        0.14963819,
        0.14898881500000002,
        0.14884060600000001,
        0.150235523,
        0.150703148,
        0.15085919,
        0.15115456500000002,
        0.149525982,
        0.14840856500000002,
        0.14919527300000002,
        0.156116357,
        0.15332598100000003,
        0.155152524
      ],
      "memory_usage_byte": [
        4358144,
        4358144,
        4358144,
        4358144,
        4358144,
        4358144,
        4358144,
        4358144,
        4358144,
        4358144,
        4358144,
        4358144,
        4358144,
        4358144,
        4358144
      ],
      "exit_codes": [
        0,
        0,
        0,
        0,
        0,
        0,
        0,
        0,
        0,
        0,
        0,
        0,
        0,
        0,
        0
      ]
    },
    {
      "command": "fork",
      "mean": 0.13295032053333336,
      "stddev": 0.002382937233927576,
      "median": 0.132164898,
      "user": 0.09378010666666665,
      "system": 0.038324406666666665,
      "min": 0.13039064900000003,
      "max": 0.13832623100000002,
      "times": [
        0.13321448200000002,
        0.131502315,
        0.13309469000000002,
        0.13119023200000002,
        0.13075098100000002,
        0.13161069,
        0.13117077300000002,
        0.13171623100000002,
        0.13674769,
        0.133542982,
        0.13244698200000002,
        0.13039064900000003,
        0.13638498200000002,
        0.13832623100000002,
        0.132164898
      ],
      "memory_usage_byte": [
        1626898432,
        1626898432,
        1626898432,
        1626898432,
        1626898432,
        1626898432,
        1626898432,
        1626898432,
        1626898432,
        1626898432,
        1626898432,
        1626898432,
        1626898432,
        1626898432,
        1626898432
      ],
      "exit_codes": [
        0,
        0,
        0,
        0,
        0,
        0,
        0,
        0,
        0,
        0,
        0,
        0,
        0,
        0,
        0
      ]
    }
  ]
}
