{
  "results": [
    {
      "command": "upstream",
      "mean": 2.2143551039799996,
      "stddev": 0.08081484084491174,
      "median": 2.17029569578,
      "user": 2.0906167333333334,
      "system": 0.09119851333333333,
      "min": 2.15112494578,
      "max": 2.44972386178,
      "times": [
        2.1607194867799997,
        2.16700932078,
        2.16837211178,
        2.25903473678,
        2.16412082078,
        2.28477111278,
        2.28595615378,
        2.44972386178,
        2.24203094578,
        2.17264698778,
        2.16260265378,
        2.21790390478,
        2.17029569578,
        2.15901382078,
        2.15112494578
      ],
      "memory_usage_byte": [
        9732096,
        9732096,
        9732096,
        9732096,
        9732096,
        9748480,
        9748480,
        9748480,
        9764864,
        9764864,
        9764864,
        9764864,
        9764864,
        9764864,
        9764864
      ],
      "exit_codes": [
        0,
        0,
        0,
        0,
        0,
        0,
        0,
        0,
        0,
        0,
        0,
        0,
        0,
        0,
        0
      ]
    },
    {
      "command": "fork",
      "mean": 2.20200222918,
      "stddev": 0.06782698355233367,
      "median": 2.16623757078,
      "user": 2.1021932666666667,
      "system": 0.06506864666666666,
      "min": 2.13369048778,
      "max": 2.3377687797799998,
      "times": [
        2.16164127978,
        2.16623757078,
        2.21733448678,
        2.30546102878,
        2.2649715707799998,
        2.26633040378,
        2.3377687797799998,
        2.22448548778,
        2.1350586957799997,
        2.13369048778,
        2.14076069578,
        2.1457055707799997,
        2.1597202377799998,
        2.23600132078,
        2.13486582078
      ],
      "memory_usage_byte": [
        1632337920,
        1632337920,
        1632337920,
        1632337920,
        1632337920,
        1632337920,
        1632337920,
        1632337920,
        1632337920,
        1632337920,
        1632337920,
        1632337920,
        1632337920,
        1632337920,
        1632337920
      ],
      "exit_codes": [
        0,
        0,
        0,
        0,
        0,
        0,
        0,
        0,
        0,
        0,
        0,
        0,
        0,
        0,
        0
      ]
    }
  ]
}
