{
  "results": [
    {
      "command": "upstream",
      "mean": 1.866261363326667,
      "stddev": 0.12000309000466516,
      "median": 1.86814122166,
      "user": 0.4529009133333333,
      "system": 15.258758219999999,
      "min": 1.57291680466,
      "max": 2.03564097166,
      "times": [
        1.86814122166,
        1.7665308046600001,
        1.90229930466,
        1.57291680466,
        2.03147334666,
        1.8623008056600001,
        1.9588650546600002,
        2.03564097166,
        1.98417263866,
        1.8310444296600001,
        1.74319330466,
        1.87694680466,
        1.84159430566,
        1.92508701366,
        1.79371363866
      ],
      "memory_usage_byte": [
        10387456,
        10387456,
        10387456,
        10387456,
        10387456,
        10387456,
        10387456,
        10387456,
        10387456,
        10387456,
        10387456,
        10387456,
        10387456,
        10387456,
        10387456
      ],
      "exit_codes": [
        0,
        0,
        0,
        0,
        0,
        0,
        0,
        0,
        0,
        0,
        0,
        0,
        0,
        0,
        0
      ]
    },
    {
      "command": "fork",
      "mean": 0.9347181744600003,
      "stddev": 0.1120845252404111,
      "median": 0.9012990136600001,
      "user": 0.3468269133333333,
      "system": 3.34159602,
      "min": 0.82424747166,
      "max": 1.17859159666,
      "times": [
        1.02561267966,
        1.0744046386600001,
        1.17859159666,
        1.11711851366,
        0.9298913466600001,
        0.9142141796600001,
        0.9012990136600001,
        0.89396922166,
        0.8394105966600001,
        0.83530788866,
        0.82424747166,
        0.91777263866,
        0.8418666796600001,
        0.89458938866,
        0.83247676266
      ],
      "memory_usage_byte": [
        10387456,
        10387456,
        10387456,
        10387456,
        10387456,
        10387456,
        10387456,
        10387456,
        10387456,
        10387456,
        10387456,
        10387456,
        10387456,
        10387456,
        10387456
      ],
      "exit_codes": [
        0,
        0,
        0,
        0,
        0,
        0,
        0,
        0,
        0,
        0,
        0,
        0,
        0,
        0,
        0
      ]
    }
  ]
}
