{
  "results": [
    {
      "command": "upstream",
      "mean": 0.22650492693333338,
      "stddev": 0.003806484218013663,
      "median": 0.22506064080000002,
      "user": 0.062183206666666664,
      "system": 0.15708231999999997,
      "min": 0.22325409880000002,
      "max": 0.2359141408,
      "times": [
        0.22325409880000002,
        0.22370264080000002,
        0.2341820158,
        0.22845855780000002,
        0.22506064080000002,
        0.2247365158,
        0.22448997380000002,
        0.22641368280000002,
        0.22600880780000002,
        0.22579893180000002,
        0.22328468280000002,
        0.2279016828,
        0.22428251580000003,
        0.2359141408,
        0.2240850158
      ],
      "memory_usage_byte": [
        1627537408,
        1627537408,
        1627537408,
        1627537408,
        1627537408,
        1627537408,
        1627537408,
        1627537408,
        1627537408,
        1627537408,
        1627537408,
        1627537408,
        1627537408,
        1627537408,
        1627537408
      ],
      "exit_codes": [
        0,
        0,
        0,
        0,
        0,
        0,
        0,
        0,
        0,
        0,
        0,
        0,
        0,
        0,
        0
      ]
    },
    {
      "command": "fork",
      "mean": 0.11097979366666669,
      "stddev": 0.003794351773095312,
      "median": 0.10978097480000001,
      "user": 0.07190120666666666,
      "system": 0.03812585333333332,
      "min": 0.1084670568,
      "max": 0.1237234328,
      "times": [
        0.11343105780000001,
        0.1124578078,
        0.10980459880000001,
        0.10896326580000001,
        0.10899905780000001,
        0.10993793280000001,
        0.10968030680000002,
        0.10942989080000001,
        0.10978097480000001,
        0.10919530780000002,
        0.1100056828,
        0.1084670568,
        0.11180414080000001,
        0.10901639080000002,
        0.1237234328
      ],
      "memory_usage_byte": [
        1627537408,
        1627537408,
        1627537408,
        1627537408,
        1627537408,
        1627537408,
        1627537408,
        1627537408,
        1627537408,
        1627537408,
        1627537408,
        1627537408,
        1627537408,
        1627537408,
        1627537408
      ],
      "exit_codes": [
        0,
        0,
        0,
        0,
        0,
        0,
        0,
        0,
        0,
        0,
        0,
        0,
        0,
        0,
        0
      ]
    }
  ]
}
