{
  "results": [
    {
      "command": "upstream",
      "mean": 1.8270542302866668,
      "stddev": 0.16968520145948518,
      "median": 1.79897793622,
      "user": 0.30213339333333333,
      "system": 12.752665973333333,
      "min": 1.5896811032200002,
      "max": 2.11369260222,
      "times": [
        1.8248793942200001,
        2.02820310222,
        2.0228888942200003,
        1.74835443522,
        1.79897793622,
        1.5896861862200002,
        1.59850447722,
        1.7868569362200002,
        1.76178814422,
        1.76973751922,
        1.9177657272200002,
        2.0552477272200003,
        2.11369260222,
        1.7995492692200001,
        1.5896811032200002
      ],
      "memory_usage_byte": [
        10534912,
        10534912,
        10534912,
        10534912,
        10534912,
        10534912,
        10534912,
        10534912,
        10534912,
        10534912,
        10534912,
        10534912,
        10534912,
        10534912,
        10534912
      ],
      "exit_codes": [
        1,
        1,
        1,
        1,
        1,
        1,
        1,
        1,
        1,
        1,
        1,
        1,
        1,
        1,
        1
      ]
    },
    {
      "command": "fork",
      "mean": 0.7911509495533334,
      "stddev": 0.04957408502972637,
      "median": 0.81036239422,
      "user": 0.2062827933333333,
      "system": 2.91608244,
      "min": 0.73001831122,
      "max": 0.88345714422,
      "times": [
        0.88345714422,
        0.82236885222,
        0.84453968522,
        0.8160771852200001,
        0.81036239422,
        0.83881397822,
        0.81797385322,
        0.73730681022,
        0.7436679352200001,
        0.73001831122,
        0.77861543522,
        0.8244916022200001,
        0.74398468522,
        0.73840847722,
        0.73717789422
      ],
      "memory_usage_byte": [
        10534912,
        10534912,
        10534912,
        10534912,
        10534912,
        10534912,
        10534912,
        10534912,
        10534912,
        10534912,
        10534912,
        10534912,
        10534912,
        10534912,
        10534912
      ],
      "exit_codes": [
        1,
        1,
        1,
        1,
        1,
        1,
        1,
        1,
        1,
        1,
        1,
        1,
        1,
        1,
        1
      ]
    }
  ]
}
