{
  "results": [
    {
      "command": "upstream",
      "mean": 1.64346547134,
      "stddev": 0.1357278485557635,
      "median": 1.6158354245400002,
      "user": 0.30492938,
      "system": 10.66766978,
      "min": 1.4948494655400002,
      "max": 2.0398538825399997,
      "times": [
        1.82770034054,
        1.6484208415400001,
        1.64463113254,
        1.5649721325400001,
        1.4948494655400002,
        1.5332960905400002,
        1.6365049235400002,
        1.5663129235400002,
        1.61300717354,
        1.5513217165400002,
        1.68169175754,
        1.6158354245400002,
        1.5561103825400002,
        1.6774738825400002,
        2.0398538825399997
      ],
      "memory_usage_byte": [
        10403840,
        10403840,
        10403840,
        10403840,
        10403840,
        10403840,
        10403840,
        10403840,
        10403840,
        10403840,
        10403840,
        10403840,
        10403840,
        10403840,
        10403840
      ],
      "exit_codes": [
        0,
        0,
        0,
        0,
        0,
        0,
        0,
        0,
        0,
        0,
        0,
        0,
        0,
        0,
        0
      ]
    },
    {
      "command": "fork",
      "mean": 0.9471251518066666,
      "stddev": 0.15904363731098656,
      "median": 0.91201734054,
      "user": 0.22139284666666664,
      "system": 3.276057979999999,
      "min": 0.80917359054,
      "max": 1.46212775754,
      "times": [
        0.93712463254,
        1.01475279854,
        1.0199152985400002,
        0.96316267454,
        0.9014147155400001,
        1.01863163254,
        1.46212775754,
        0.91899388254,
        0.88178717454,
        0.87458996554,
        0.8454317155400001,
        0.91201734054,
        0.80917359054,
        0.83288175754,
        0.81487234054
      ],
      "memory_usage_byte": [
        10403840,
        10403840,
        10403840,
        10403840,
        10403840,
        10403840,
        10403840,
        10403840,
        10403840,
        10403840,
        10403840,
        10403840,
        10403840,
        10403840,
        10403840
      ],
      "exit_codes": [
        0,
        0,
        0,
        0,
        0,
        0,
        0,
        0,
        0,
        0,
        0,
        0,
        0,
        0,
        0
      ]
    }
  ]
}
